Open,High,Low,Close,Adj Close,Volume
194.617996,195.147003,194.296997,195.046005,195.046005,0
